INSERT INTO tb_cursos (id, nome, author, nota, numero_de_aulas, duracao_total_curso, preco, descricao) VALUES (1, 'Curso de Programação em Python', 'Alice Johnson', 4.7, 35, 50, '90.00', 'Um curso abrangente sobre programação em Python');
INSERT INTO tb_cursos (id, nome, author, nota, numero_de_aulas, duracao_total_curso, preco, descricao) VALUES (2, 'Curso de Design Gráfico', 'Carlos Silva', 4.4, 25, 40, '75.00', 'Aprenda a criar designs gráficos impressionantes');
INSERT INTO tb_cursos (id, nome, author, nota, numero_de_aulas, duracao_total_curso, preco, descricao) VALUES (3, 'Curso de Marketing de Conteúdo', 'Emily Carter', 4.9, 45, 65, '110.00', 'Estratégias avançadas para marketing de conteúdo online');
INSERT INTO tb_cursos (id, nome, author, nota, numero_de_aulas, duracao_total_curso, preco, descricao) VALUES (4, 'Curso de Desenvolvimento Web Full Stack', 'Daniel Brown', 4.6, 50, 80, '120.00', 'Torne-se um desenvolvedor web full stack');
INSERT INTO tb_cursos (id, nome, author, nota, numero_de_aulas, duracao_total_curso, preco, descricao) VALUES (5, 'Curso de Fotografia Digital', 'Sophia Oliveira', 4.2, 30, 55, '85.00', 'Capturando momentos incríveis com a fotografia digital');
INSERT INTO tb_cursos (id, nome, author, nota, numero_de_aulas, duracao_total_curso, preco, descricao) VALUES (6, 'Curso de Inglês Avançado', 'Michael White', 4.8, 40, 60, '100.00', 'Aprimore suas habilidades de inglês para níveis avançados');
INSERT INTO tb_cursos (id, nome, author, nota, numero_de_aulas, duracao_total_curso, preco, descricao) VALUES (7, 'Curso de Inteligência Artificial', 'Isabella Martinez', 4.5, 55, 75, '130.00', 'Explorando o mundo da inteligência artificial');
INSERT INTO tb_cursos (id, nome, author, nota, numero_de_aulas, duracao_total_curso, preco, descricao) VALUES (8, 'Curso de Finanças Pessoais', 'David Lee', 4.3, 20, 35, '70.00', 'Gerenciando suas finanças de forma eficaz');
INSERT INTO tb_cursos (id, nome, author, nota, numero_de_aulas, duracao_total_curso, preco, descricao) VALUES (9, 'Curso de Yoga e Meditação', 'Olivia Kim', 4.9, 30, 45, '95.00', 'Encontre paz interior com yoga e meditação');
INSERT INTO tb_cursos (id, nome, author, nota, numero_de_aulas, duracao_total_curso, preco, descricao) VALUES (10, 'Curso de Machine Learning', 'Lucas Rodriguez', 4.6, 60, 90, '150.00', 'Aprendendo algoritmos de machine learning');
INSERT INTO tb_cursos (id, nome, author, nota, numero_de_aulas, duracao_total_curso, preco, descricao) VALUES (11, 'Curso de Desenvolvimento de Jogos', 'Laura Gonzalez', 4.8, 40, 70, '125.00', 'Crie jogos emocionantes com técnicas modernas de desenvolvimento');
INSERT INTO tb_cursos (id, nome, author, nota, numero_de_aulas, duracao_total_curso, preco, descricao) VALUES (12, 'Curso de Edição de Vídeo', 'Robert Smith', 4.3, 35, 60, '110.00', 'Domine a arte da edição de vídeo para diversos formatos');
INSERT INTO tb_cursos (id, nome, author, nota, numero_de_aulas, duracao_total_curso, preco, descricao) VALUES (13, 'Curso Avançado de Excel', 'Maria Garcia', 4.7, 30, 50, '100.00', 'Técnicas avançadas para dominar o Excel no ambiente de trabalho');
INSERT INTO tb_cursos (id, nome, author, nota, numero_de_aulas, duracao_total_curso, preco, descricao) VALUES (14, 'Curso de Nutrição e Bem-Estar', 'John Williams', 4.5, 25, 45, '90.00', 'Aprenda sobre nutrição e práticas de bem-estar para uma vida saudável');
INSERT INTO tb_cursos (id, nome, author, nota, numero_de_aulas, duracao_total_curso, preco, descricao) VALUES (15, 'Curso de História da Arte', 'Patricia Johnson', 4.9, 50, 80, '130.00', 'Uma jornada através da história da arte mundial');
INSERT INTO tb_cursos (id, nome, author, nota, numero_de_aulas, duracao_total_curso, preco, descricao) VALUES (16, 'Curso de Ciência de Dados', 'James Brown', 4.6, 45, 75, '140.00', 'Explore o mundo dos dados e aprenda a extrair informações valiosas');
INSERT INTO tb_cursos (id, nome, author, nota, numero_de_aulas, duracao_total_curso, preco, descricao) VALUES (17, 'Curso de Gestão Empresarial', 'Jennifer Davis', 4.4, 40, 65, '120.00', 'Conceitos e práticas para uma gestão empresarial eficaz');
INSERT INTO tb_cursos (id, nome, author, nota, numero_de_aulas, duracao_total_curso, preco, descricao) VALUES (18, 'Curso de Jardinagem e Paisagismo', 'William Miller', 4.2, 30, 55, '85.00', 'Técnicas e dicas para criar belos jardins e paisagens');
INSERT INTO tb_cursos (id, nome, author, nota, numero_de_aulas, duracao_total_curso, preco, descricao) VALUES (19, 'Curso de Escrita Criativa', 'Elizabeth Wilson', 4.8, 35, 60, '105.00', 'Desenvolva suas habilidades de escrita e libere sua criatividade');
INSERT INTO tb_cursos (id, nome, author, nota, numero_de_aulas, duracao_total_curso, preco, descricao) VALUES (20, 'Curso de Física Quântica', 'David Moore', 4.7, 40, 70, '135.00', 'Introdução ao fascinante mundo da física quântica');




INSERT INTO TB_CATEGORIAS (id, nome) VALUES (1, 'Desenvolvimento Web');
INSERT INTO TB_CATEGORIAS (id, nome) VALUES (2, 'Ciência de Dados');
INSERT INTO TB_CATEGORIAS (id, nome) VALUES (3, 'Inteligência Artificial');
INSERT INTO TB_CATEGORIAS (id, nome) VALUES (4, 'Machine Learning');
INSERT INTO TB_CATEGORIAS (id, nome) VALUES (5, 'Python');
INSERT INTO TB_CATEGORIAS (id, nome) VALUES (6, 'Java');
INSERT INTO TB_CATEGORIAS (id, nome) VALUES (7, 'Desenvolvimento de Aplicativos Móveis');
INSERT INTO TB_CATEGORIAS (id, nome) VALUES (8, 'Segurança da Informação');
INSERT INTO TB_CATEGORIAS (id, nome) VALUES (9, 'Blockchain');
INSERT INTO TB_CATEGORIAS (id, nome) VALUES (10, 'Cloud Computing');
INSERT INTO TB_CATEGORIAS (id, nome) VALUES (11, 'Redes de Computadores');
INSERT INTO TB_CATEGORIAS (id, nome) VALUES (12, 'Sistemas Operacionais');
INSERT INTO TB_CATEGORIAS (id, nome) VALUES (13, 'Internet das Coisas');
INSERT INTO TB_CATEGORIAS (id, nome) VALUES (14, 'Desenvolvimento de Jogos');
INSERT INTO TB_CATEGORIAS (id, nome) VALUES (15, 'Realidade Virtual e Aumentada');
INSERT INTO TB_CATEGORIAS (id, nome) VALUES (16, 'Design de Interface do Usuário');
INSERT INTO TB_CATEGORIAS (id, nome) VALUES (17, 'Design de Experiência do Usuário');
INSERT INTO TB_CATEGORIAS (id, nome) VALUES (18, 'Marketing Digital');
INSERT INTO TB_CATEGORIAS (id, nome) VALUES (19, 'SEO');
INSERT INTO TB_CATEGORIAS (id, nome) VALUES (20, 'Gestão de Projetos de Software');
INSERT INTO TB_CATEGORIAS (id, nome) VALUES (21, 'DevOps');
INSERT INTO TB_CATEGORIAS (id, nome) VALUES (22, 'Banco de Dados SQL');
INSERT INTO TB_CATEGORIAS (id, nome) VALUES (23, 'NoSQL');
INSERT INTO TB_CATEGORIAS (id, nome) VALUES (24, 'Big Data');
INSERT INTO TB_CATEGORIAS (id, nome) VALUES (25, 'Análise de Dados');
INSERT INTO TB_CATEGORIAS (id, nome) VALUES (26, 'Redes Neurais');
INSERT INTO TB_CATEGORIAS (id, nome) VALUES (27, 'Linguagem de Programação R');
INSERT INTO TB_CATEGORIAS (id, nome) VALUES (28, 'Cibersegurança');
INSERT INTO TB_CATEGORIAS (id, nome) VALUES (29, 'Automatização de Testes de Software');
INSERT INTO TB_CATEGORIAS (id, nome) VALUES (30, 'Desenvolvimento Ágil');
INSERT INTO TB_CATEGORIAS (id, nome) VALUES (31, 'Ciência da Computação');
INSERT INTO TB_CATEGORIAS (id, nome) VALUES (32, 'Business Intelligence');
INSERT INTO TB_CATEGORIAS (id, nome) VALUES (33, 'Análise de Negócios');
INSERT INTO TB_CATEGORIAS (id, nome) VALUES (34, 'Design Gráfico');
INSERT INTO TB_CATEGORIAS (id, nome) VALUES (35, 'Fotografia Digital');
INSERT INTO TB_CATEGORIAS (id, nome) VALUES (36, 'Edição de Vídeo');
INSERT INTO TB_CATEGORIAS (id, nome) VALUES (37, 'Marketing de Conteúdo');
INSERT INTO TB_CATEGORIAS (id, nome) VALUES (38, 'Finanças Pessoais');
INSERT INTO TB_CATEGORIAS (id, nome) VALUES (39, 'Inglês para Negócios');
INSERT INTO TB_CATEGORIAS (id, nome) VALUES (40, 'Psicologia Organizacional');
INSERT INTO TB_CATEGORIAS (id, nome) VALUES (41, 'Liderança e Gestão de Equipes');
INSERT INTO TB_CATEGORIAS (id, nome) VALUES (42, 'Comunicação Eficaz');
INSERT INTO TB_CATEGORIAS (id, nome) VALUES (43, 'Negociação');
INSERT INTO TB_CATEGORIAS (id, nome) VALUES (44, 'Gestão do Tempo');
INSERT INTO TB_CATEGORIAS (id, nome) VALUES (45, 'Estratégia de Negócios');
INSERT INTO TB_CATEGORIAS (id, nome) VALUES (46, 'Empreendedorismo');
INSERT INTO TB_CATEGORIAS (id, nome) VALUES (47, 'Economia Comportamental');
INSERT INTO TB_CATEGORIAS (id, nome) VALUES (48, 'Marketing de Redes Sociais');
INSERT INTO TB_CATEGORIAS (id, nome) VALUES (49, 'Desenvolvimento Pessoal');
INSERT INTO TB_CATEGORIAS (id, nome) VALUES (50, 'Coaching Profissional');
INSERT INTO TB_CATEGORIAS (id, nome) VALUES (51, 'Desenvolvimento de Software');
INSERT INTO TB_CATEGORIAS (id, nome) VALUES (52, 'Programação em C++');
INSERT INTO TB_CATEGORIAS (id, nome) VALUES (53, 'Internet Segura');
INSERT INTO TB_CATEGORIAS (id, nome) VALUES (54, 'Redação Técnica');
INSERT INTO TB_CATEGORIAS (id, nome) VALUES (55, 'Design Responsivo');
INSERT INTO TB_CATEGORIAS (id, nome) VALUES (56, 'Linguagem Swift');
INSERT INTO TB_CATEGORIAS (id, nome) VALUES (57, 'Arquitetura de Software');
INSERT INTO TB_CATEGORIAS (id, nome) VALUES (58, 'Computação Quântica');
INSERT INTO TB_CATEGORIAS (id, nome) VALUES (59, 'Análise de Sistemas');
INSERT INTO TB_CATEGORIAS (id, nome) VALUES (60, 'Business Analytics');
INSERT INTO TB_CATEGORIAS (id, nome) VALUES (61, 'Redação Científica');
INSERT INTO TB_CATEGORIAS (id, nome) VALUES (62, 'Métodos Ágeis');
INSERT INTO TB_CATEGORIAS (id, nome) VALUES (63, 'Estruturas de Dados');
INSERT INTO TB_CATEGORIAS (id, nome) VALUES (64, 'Front-end Development');
INSERT INTO TB_CATEGORIAS (id, nome) VALUES (65, 'Back-end Development');
INSERT INTO TB_CATEGORIAS (id, nome) VALUES (66, 'UX/UI Design');
INSERT INTO TB_CATEGORIAS (id, nome) VALUES (67, 'Mobile UI/UX Design');
INSERT INTO TB_CATEGORIAS (id, nome) VALUES (68, 'Testes de Software');
INSERT INTO TB_CATEGORIAS (id, nome) VALUES (69, 'Sistemas Embarcados');
INSERT INTO TB_CATEGORIAS (id, nome) VALUES (70, 'Python para Data Science');
INSERT INTO TB_CATEGORIAS (id, nome) VALUES (71, 'Desenvolvimento de APIs');
INSERT INTO TB_CATEGORIAS (id, nome) VALUES (72, 'Desenvolvimento Ágil de Software');
INSERT INTO TB_CATEGORIAS (id, nome) VALUES (73, 'Redes Sociais e Marketing');
INSERT INTO TB_CATEGORIAS (id, nome) VALUES (74, 'Estratégias de Negócios Digitais');
INSERT INTO TB_CATEGORIAS (id, nome) VALUES (75, 'Estatística para Ciência de Dados');
INSERT INTO TB_CATEGORIAS (id, nome) VALUES (76, 'Flutter');
INSERT INTO TB_CATEGORIAS (id, nome) VALUES (77, 'Kotlin');
INSERT INTO TB_CATEGORIAS (id, nome) VALUES (78, 'Banco de Dados NoSQL');
INSERT INTO TB_CATEGORIAS (id, nome) VALUES (79, 'Metodologias de Ensino Online');
INSERT INTO TB_CATEGORIAS (id, nome) VALUES (80, 'Design de Produto');
INSERT INTO TB_CATEGORIAS (id, nome) VALUES (81, 'Prototipagem Rápida');
INSERT INTO TB_CATEGORIAS (id, nome) VALUES (82, 'Ciência da Computação Quântica');
INSERT INTO TB_CATEGORIAS (id, nome) VALUES (83, 'Deep Learning');
INSERT INTO TB_CATEGORIAS (id, nome) VALUES (84, 'Redes de Blockchain');
INSERT INTO TB_CATEGORIAS (id, nome) VALUES (85, 'Gestão de Dados');
INSERT INTO TB_CATEGORIAS (id, nome) VALUES (86, 'Robótica Avançada');
INSERT INTO TB_CATEGORIAS (id, nome) VALUES (87, 'Desenvolvimento de Software Ágil');
INSERT INTO TB_CATEGORIAS (id, nome) VALUES (88, 'Gestão de Riscos em Projetos');
INSERT INTO TB_CATEGORIAS (id, nome) VALUES (89, 'UX Writing');
INSERT INTO TB_CATEGORIAS (id, nome) VALUES (90, 'Desenvolvimento de Chatbots');
INSERT INTO TB_CATEGORIAS (id, nome) VALUES (91, 'Estratégias de SEO Avançadas');
INSERT INTO TB_CATEGORIAS (id, nome) VALUES (92, 'Design Inclusivo');
INSERT INTO TB_CATEGORIAS (id, nome) VALUES (93, 'Segurança em Dispositivos Móveis');
INSERT INTO TB_CATEGORIAS (id, nome) VALUES (94, 'Programação Funcional');
INSERT INTO TB_CATEGORIAS (id, nome) VALUES (95, 'Análise de Sentimentos');
INSERT INTO TB_CATEGORIAS (id, nome) VALUES (96, 'Design de Experiência em Jogos');
INSERT INTO TB_CATEGORIAS (id, nome) VALUES (97, 'Desenvolvimento de Aplicações Desktop');
INSERT INTO TB_CATEGORIAS (id, nome) VALUES (98, 'Redes de Sensores');
INSERT INTO TB_CATEGORIAS (id, nome) VALUES (99, 'Ética em Inteligência Artificial');
INSERT INTO TB_CATEGORIAS (id, nome) VALUES (100, 'Desenvolvimento de Sistemas Distribuídos');


INSERT INTO TB_CURSOS_CATEGORIAS (CURSO_ID, CATEGORIA_ID) VALUES (1, 78);
INSERT INTO TB_CURSOS_CATEGORIAS (CURSO_ID, CATEGORIA_ID) VALUES (2, 33);
INSERT INTO TB_CURSOS_CATEGORIAS (CURSO_ID, CATEGORIA_ID) VALUES (3, 50);
INSERT INTO TB_CURSOS_CATEGORIAS (CURSO_ID, CATEGORIA_ID) VALUES (4, 74);
INSERT INTO TB_CURSOS_CATEGORIAS (CURSO_ID, CATEGORIA_ID) VALUES (5, 15);
INSERT INTO TB_CURSOS_CATEGORIAS (CURSO_ID, CATEGORIA_ID) VALUES (6, 83);
INSERT INTO TB_CURSOS_CATEGORIAS (CURSO_ID, CATEGORIA_ID) VALUES (7, 56);
INSERT INTO TB_CURSOS_CATEGORIAS (CURSO_ID, CATEGORIA_ID) VALUES (8, 77);
INSERT INTO TB_CURSOS_CATEGORIAS (CURSO_ID, CATEGORIA_ID) VALUES (9, 2);
INSERT INTO TB_CURSOS_CATEGORIAS (CURSO_ID, CATEGORIA_ID) VALUES (10, 81);
INSERT INTO TB_CURSOS_CATEGORIAS (CURSO_ID, CATEGORIA_ID) VALUES (11, 10);
INSERT INTO TB_CURSOS_CATEGORIAS (CURSO_ID, CATEGORIA_ID) VALUES (12, 26);
INSERT INTO TB_CURSOS_CATEGORIAS (CURSO_ID, CATEGORIA_ID) VALUES (13, 82);
INSERT INTO TB_CURSOS_CATEGORIAS (CURSO_ID, CATEGORIA_ID) VALUES (14, 12);
INSERT INTO TB_CURSOS_CATEGORIAS (CURSO_ID, CATEGORIA_ID) VALUES (15, 47);
INSERT INTO TB_CURSOS_CATEGORIAS (CURSO_ID, CATEGORIA_ID) VALUES (16, 90);
INSERT INTO TB_CURSOS_CATEGORIAS (CURSO_ID, CATEGORIA_ID) VALUES (17, 68);
INSERT INTO TB_CURSOS_CATEGORIAS (CURSO_ID, CATEGORIA_ID) VALUES (18, 69);
INSERT INTO TB_CURSOS_CATEGORIAS (CURSO_ID, CATEGORIA_ID) VALUES (19, 11);
INSERT INTO TB_CURSOS_CATEGORIAS (CURSO_ID, CATEGORIA_ID) VALUES (20, 83);


